Dougherty,Antwan,adougherty975,PHI-FR
Knox,Patrick,pknoxx101,ART-SR
Parrish,Shane,sparrish068,GER-SO
Kerr,Jerome,jkerrx738,JOU-SR
Foley,Adriel,afoley995,AVI-JR
Wagner,Seamus,swagner117,ELE-SR
Hobbs,Ashton,ahobbs911,URB-FR
Petty,Evie,epetty291,PUB-SO
Myers,Leandro,lmyers577,COU-SR
Roberts,Julia,jroberts051,LIB-FR
Brandt,Lukas,lbrandt305,MED-FR
Livingston,Alani,alivingston779,URB-SO
Peterson,Jamiya,jpeterson066,MED-JR
Roy,Kirsten,kroyxx808,MAN-FR
Copeland,Johnny,jcopeland579,INT-FR
Wong,Amirah,awongx819,CRE-SO
Kline,Luciano,lkline295,CYB-SO
Joseph,Lance,ljoseph831,BIO-SR
Rangel,Paula,prangel563,NEU-SR
Massey,Jamie,jmassey300,MUS-SR
Rubio,Karli,krubio145,EXE-SR
Mcguire,Ellis,emcguire889,CON-JR
Oliver,Madyson,moliver497,SEC-FR
Fry,Serenity,sfryxx005,ELE-JR
Leon,Jaliyah,jleonx869,GEO-SO
Guerrero,Parker,pguerrero650,POL-FR
Kemp,Milagros,mkempx513,AVI-SR
Garza,Aniya,agarza551,EDU-FR
Roberts,Zoe,zroberts115,THE-SO
Chan,Ryder,rchanx676,COM-SR
Norton,Antonio,anorton278,MUS-SR
Kim,Jazlene,jkimxx588,COM-JR
Cox,America,acoxxx550,AVI-SR
Rogers,Colby,crogers436,SOC-SR
Conrad,Stella,sconrad707,BIO-SO
Mccullough,Micheal,mmccullough702,HEA-SR
Hardy,Kolby,khardy278,MUS-JR
Tapia,Sophia,stapia860,CHE-FR
Jacobson,Addison,ajacobson464,CON-JR
Terrell,Aimee,aterrell857,EME-FR
Cannon,Abagail,acannon159,AVI-FR
Conrad,Donald,dconrad937,MAN-JR
Medina,Tiana,tmedina041,EDU-JR
Vasquez,Edwin,evasquez530,SEC-SO
Mcclain,Sofia,smcclain729,PUB-SR
Nash,Braylon,bnashx132,INF-FR
Buchanan,Chaya,cbuchanan742,FOR-SR
Juarez,Charlize,cjuarez585,REL-SR
Yu,Xzavier,xyuxxx041,GER-SO
Kent,Timothy,tkentx637,JOU-FR
Jones,Bailee,bjones884,BIO-SR
Hoover,Elizabeth,ehoover532,ENG-FR
Ramos,Jaida,jramos580,AVI-SR
Livingston,Perla,plivingston130,CON-SR
Simpson,Shayna,ssimpson281,EME-SO
Dawson,Jan,jdawson351,WRI-JR
Huffman,Aryana,ahuffman473,MUL-SO
Fernandez,Hillary,hfernandez564,WOM-JR
Barnes,Hillary,hbarnes723,COM-FR
Parks,Kayla,kparks197,ECO-SR
Murphy,Todd,tmurphy012,SCH-FR
Kelley,Melissa,mkelley635,ARC-SR
Gross,Abbigail,agross465,ATH-SO
Benton,Alina,abenton468,SPE-SO
Klein,Jadon,jklein724,COM-SO
Love,Saul,slovex008,INF-SO
Galvan,Ingrid,igalvan536,NEU-FR
Logan,Zachery,zlogan470,KIN-FR
Singleton,Rubi,rsingleton437,SOC-SO
Esparza,Emiliano,eesparza302,MAN-JR
Salazar,Sierra,ssalazar032,COU-FR
Blair,Ashlyn,ablair581,ACC-SR
Barrera,Destiney,dbarrera594,COM-JR
Good,Armani,agoodx111,BIO-FR
Mcneil,Maximus,mmcneil183,CRE-JR
Peters,Jalen,jpeters833,ATH-JR
Preston,Chana,cpreston039,INF-SR
Simmons,Asia,asimmons975,MUS-FR
Mccarty,Ronan,rmccarty104,BIO-SO
Mitchell,Adrianna,amitchell229,ARC-FR
Evans,Molly,mevans121,HIS-SR
Mcclure,Lilah,lmcclure652,SCH-SR
Riddle,Lola,lriddle208,PSY-JR
Novak,Khloe,knovak364,SOC-JR
Harding,Elyse,eharding510,LIT-SR
Clark,Aditya,aclark327,MAT-FR
Patterson,Alvin,apatterson111,EDU-SR
Benson,Deegan,dbenson934,FOR-FR
Mcbride,Aaron,amcbride833,ENG-SR
West,Lilyana,lwestx764,ACC-SO
Liu,Connor,cliuxx927,CRI-SO
Camacho,Asher,acamacho913,POL-SO
Hancock,Myles,mhancock274,MAT-SO
Cook,Asher,acookx280,GER-SO
Tanner,Cale,ctanner902,POL-SO
Hester,Trent,thester429,WRI-SO
Romero,Cristofer,cromero912,BLA-SO
Caldwell,Maren,mcaldwell079,ACC-SO
Long,Matthew,mlongx183,CIV-FR
Booker,Remington,rbooker661,THE-JR
